ID,Name,DateTime,TableNumber
1,Edgar Brimmell,08/05/2022 03:12,4
2,Johannah Allmen,08/11/2021 20:30,3
3,Glenn Pollastrino,08/11/2021 20:30,3
4,Marjory Plumstead,21/12/2021 23:57,7
5,Tucky Caudelier,06/08/2022 21:45,6
6,Sigvard Naisby,24/05/2022 02:16,5
7,Inez Clendennen,04/01/2022 10:54,8
8,Korney Jouhning,30/03/2022 12:44,5
9,Kathleen Casebourne,14/07/2022 03:30,8
10,Shannon Swalough,14/07/2022 03:30,1
11,Web Offner,14/07/2022 03:30,8
12,Anneliese Garken,09/09/2022 07:02,4
13,Meggi Curr,27/12/2021 23:46,7
14,Jemima Clemente,07/11/2021 20:50,2
15,Bride Buxsey,05/12/2021 13:53,9
16,Bil Monte,07/11/2021 20:50,7
17,Joshua Scotchmur,07/11/2021 20:50,2
18,Gabby Hourican,07/06/2022 16:47,1
19,Jasen Palfree,05/07/2022 02:25,6
20,Chauncey Beiderbeck,24/08/2022 00:44,9
21,Giordano Stoddard,17/01/2022 07:10,3
22,Jeffie Kleinmintz,20/05/2022 20:26,8
23,Gardiner Vyvyan,31/07/2022 17:45,3
24,Alfie Oldam,23/12/2021 00:43,4
25,Teodor Andric,20/05/2022 20:26,5
26,Ave Lovel,06/08/2022 20:14,3
27,Alayne Dowe,18/02/2022 15:39,7
28,Olga Grundle,18/02/2022 15:39,7
29,Piotr Baldi,18/02/2022 15:39,7
30,Brooks Shelvey,24/10/2021 19:36,9
31,Ginnie Newborn,03/11/2021 08:56,7
32,Cherish Gregs,28/05/2022 22:52,7
33,Nedda Costanza,02/11/2021 09:43,3
34,Rici Hurdwell,27/05/2022 18:41,4
35,Mady Sivills,10/08/2022 11:04,2
36,Ester Thurlborn,18/05/2022 22:28,3
37,Kerby Pheasant,09/06/2022 08:18,1
38,Web Giannini,27/04/2022 22:04,3
39,Sherie Cornau,22/12/2021 10:25,4
40,Daren Tesdale,22/12/2021 10:25,4
41,Aigneis Everton,22/12/2021 10:25,4
42,Sylas Loncaster,22/12/2021 10:25,4
43,Almire Lamb-shine,02/05/2022 04:50,7
44,Atalanta Lening,26/09/2022 08:31,3
45,Brook Simioli,22/12/2021 10:25,7
46,Herman Izatt,11/10/2022 09:00,8
47,Perry De la Eglise,27/09/2022 13:37,2
48,Inesita Scalera,09/02/2022 12:53,8
49,Clementia Gobert,19/09/2022 17:46,3
50,Louisette Whittlesee,19/03/2022 21:08,8
51,Wilone Priter,29/08/2022 22:46,9
52,Gasparo Brittan,30/06/2022 13:10,3
53,Karlene McKea,18/09/2022 18:31,7
54,Quentin Habble,26/02/2022 10:09,5
55,Alleen Mayston,28/08/2022 09:54,9
56,Aloysius Tompkin,04/05/2022 02:59,9
57,Callean Chevalier,20/12/2021 15:08,8
58,Ralina Kenner,30/03/2022 16:04,1
59,Grenville Scullion,05/02/2022 08:36,4
60,Vivienne Magson,21/09/2022 23:46,3
61,Belle Caulcott,18/09/2022 14:38,4
62,Aime Ridsdole,27/10/2021 20:44,2
63,Kerstin Waghorn,06/11/2021 13:16,9
64,Coleen Rickersey,31/01/2022 04:07,2
65,Jonis Jonczyk,24/03/2022 22:00,5
66,Heywood Gillbe,15/10/2022 17:58,1
67,Stefania Basini-Gazzi,08/01/2022 16:26,8
68,Moises Brereton,14/01/2022 12:03,8
69,Carly Spurrier,08/11/2021 23:20,5
70,Silvan Phillp,08/11/2021 23:20,7
71,Phyllys Amthor,08/11/2021 23:20,7
72,Julee Choldcroft,23/03/2022 11:03,5
73,Lorette Grayley,21/04/2022 22:13,9
74,Delbert Slaney,21/04/2022 22:13,8
75,Shaylyn Gumey,21/04/2022 22:13,8
76,Charmain Adaway,21/04/2022 22:13,9
77,Lizabeth Cansdell,16/08/2022 08:43,7
78,Pepi Kells,19/11/2021 16:00,6
79,Wallas Flockhart,09/08/2022 23:44,3
80,Reyna McHenry,27/11/2021 07:13,6
81,Laureen Daveridge,30/09/2022 23:50,1
82,Ilaire Hebard,28/06/2022 18:39,4
83,Tim D'Agostino,28/06/2022 18:39,8
84,Lizbeth Whistan,28/06/2022 18:39,6
85,Colver Etheridge,09/02/2022 19:01,9
86,Yoko Franciskiewicz,15/02/2022 02:39,1
87,Windham Mably,03/03/2022 06:25,4
88,Will Bonhomme,28/06/2022 18:39,9
89,Enrico Tremoille,01/09/2022 02:28,7
90,Lynnett Kimble,28/06/2022 18:39,3
91,Horatio Wackly,27/11/2021 09:13,4
92,Bridget Scarlet,12/10/2022 06:30,1
93,Emalee Mussettini,05/05/2022 21:50,1
94,Fanchon Laity,13/01/2022 18:24,4
95,Kinny Brawley,26/03/2022 14:24,5
96,Ruth Ferrarone,13/01/2022 18:24,7
97,Curtice Chavez,22/06/2022 22:04,7
98,Benedikta Tole,13/01/2022 18:24,4
99,Rosabella Fayers,03/12/2021 05:37,8
100,Valeda Matisoff,13/01/2022 18:24,4
